X,Y,Mean,Min,Max,Range,StdDev
147.50,147.50,-0.421366,-0.425,-0.417,0.008,0.002311
147.50,147.70,-0.304074,-0.311,-0.296,0.015,0.004451
147.50,147.90,-0.150907,-0.155,-0.143,0.011,0.003700
147.50,148.10,-0.026553,-0.032,-0.017,0.015,0.004044
147.50,148.30,0.032988,0.028,0.041,0.013,0.004429
147.50,148.50,-0.010428,-0.016,-0.004,0.012,0.004227
147.50,148.70,-0.131699,-0.135,-0.121,0.014,0.004034
147.50,148.90,-0.258783,-0.265,-0.248,0.017,0.004949
147.50,149.10,-0.361408,-0.367,-0.356,0.011,0.003309
147.50,149.30,-0.408220,-0.410,-0.403,0.008,0.002173
147.50,149.50,-0.392387,-0.396,-0.389,0.007,0.002224
147.50,149.70,-0.303220,-0.307,-0.297,0.010,0.003669
147.50,149.90,-0.159033,-0.163,-0.154,0.009,0.002567
147.50,150.10,-0.036262,-0.043,-0.026,0.017,0.004531
147.50,150.30,0.019717,0.015,0.024,0.009,0.002756
147.50,150.50,-0.021512,-0.028,-0.012,0.016,0.004463
147.50,150.70,-0.153470,-0.159,-0.149,0.010,0.003034
147.50,150.90,-0.289137,-0.296,-0.282,0.014,0.003427
147.50,151.10,-0.388116,-0.393,-0.383,0.009,0.003136
147.50,151.30,-0.424178,-0.428,-0.415,0.013,0.004023
147.50,151.50,-0.400116,-0.405,-0.395,0.011,0.003149
147.50,151.70,-0.305157,-0.310,-0.302,0.008,0.002892
147.50,151.90,-0.154428,-0.159,-0.151,0.007,0.002326
147.50,152.10,-0.013574,-0.021,-0.008,0.013,0.004007
147.50,152.30,0.055176,0.047,0.062,0.015,0.003755
147.70,147.50,-0.292053,-0.296,-0.287,0.009,0.002437
147.70,147.70,-0.246928,-0.250,-0.240,0.010,0.003033
147.70,147.90,-0.184303,-0.189,-0.181,0.009,0.002581
147.70,148.10,-0.135678,-0.140,-0.130,0.010,0.002883
147.70,148.30,-0.111637,-0.113,-0.110,0.004,0.001208
147.70,148.50,-0.120595,-0.123,-0.118,0.006,0.001849
147.70,148.70,-0.151116,-0.154,-0.148,0.006,0.002149
147.70,148.90,-0.193491,-0.197,-0.187,0.009,0.002574
147.70,149.10,-0.225699,-0.230,-0.223,0.007,0.002386
147.70,149.30,-0.240074,-0.245,-0.236,0.009,0.002664
147.70,149.50,-0.238241,-0.244,-0.233,0.012,0.003252
147.70,149.70,-0.210387,-0.214,-0.204,0.010,0.003121
147.70,149.90,-0.169116,-0.171,-0.162,0.010,0.002652
147.70,150.10,-0.140866,-0.146,-0.134,0.012,0.003007
147.70,150.30,-0.118470,-0.123,-0.114,0.009,0.002497
147.70,150.50,-0.132699,-0.139,-0.125,0.014,0.003363
147.70,150.70,-0.165199,-0.168,-0.161,0.007,0.001978
147.70,150.90,-0.213824,-0.218,-0.211,0.007,0.002144
147.70,151.10,-0.243220,-0.246,-0.239,0.008,0.002386
147.70,151.30,-0.254387,-0.260,-0.250,0.010,0.003002
147.70,151.50,-0.242262,-0.245,-0.239,0.006,0.001606
147.70,151.70,-0.208658,-0.212,-0.205,0.007,0.001843
147.70,151.90,-0.152449,-0.155,-0.149,0.007,0.002080
147.70,152.10,-0.113116,-0.117,-0.111,0.006,0.001586
147.70,152.30,-0.094012,-0.097,-0.092,0.005,0.001762
147.90,147.50,-0.135074,-0.139,-0.130,0.009,0.002454
147.90,147.70,-0.150199,-0.155,-0.146,0.009,0.003227
147.90,147.90,-0.168928,-0.172,-0.164,0.008,0.002465
147.90,148.10,-0.179345,-0.184,-0.174,0.010,0.003349
147.90,148.30,-0.176366,-0.180,-0.171,0.009,0.002924
147.90,148.50,-0.158824,-0.163,-0.155,0.008,0.002496
147.90,148.70,-0.143553,-0.148,-0.138,0.010,0.002951
147.90,148.90,-0.112824,-0.118,-0.108,0.010,0.002794
147.90,149.10,-0.082741,-0.091,-0.078,0.013,0.003270
147.90,149.30,-0.062637,-0.067,-0.058,0.009,0.003086
147.90,149.50,-0.064095,-0.068,-0.059,0.009,0.003052
147.90,149.70,-0.086470,-0.093,-0.081,0.012,0.003740
147.90,149.90,-0.138428,-0.142,-0.135,0.007,0.002073
147.90,150.10,-0.179491,-0.184,-0.171,0.014,0.003720
147.90,150.30,-0.195428,-0.199,-0.191,0.008,0.002343
147.90,150.50,-0.191199,-0.199,-0.186,0.013,0.003565
147.90,150.70,-0.155428,-0.160,-0.150,0.010,0.002669
147.90,150.90,-0.126616,-0.132,-0.121,0.011,0.002750
147.90,151.10,-0.096949,-0.102,-0.089,0.014,0.003868
147.90,151.30,-0.076408,-0.081,-0.069,0.013,0.003499
147.90,151.50,-0.067532,-0.074,-0.064,0.010,0.002699
147.90,151.70,-0.079845,-0.088,-0.075,0.013,0.004327
147.90,151.90,-0.111845,-0.117,-0.106,0.010,0.003087
147.90,152.10,-0.149158,-0.153,-0.144,0.010,0.003114
147.90,152.30,-0.173970,-0.176,-0.172,0.004,0.001299
148.10,147.50,0.048113,0.045,0.054,0.009,0.002457
148.10,147.70,-0.041741,-0.045,-0.039,0.006,0.001809
148.10,147.90,-0.159345,-0.164,-0.155,0.008,0.002094
148.10,148.10,-0.244095,-0.249,-0.239,0.010,0.002809
148.10,148.30,-0.278887,-0.284,-0.274,0.010,0.002542
148.10,148.50,-0.243533,-0.251,-0.239,0.012,0.002936
148.10,148.70,-0.154366,-0.161,-0.152,0.009,0.002368
148.10,148.90,-0.013616,-0.020,-0.011,0.009,0.002703
148.10,149.10,0.097905,0.095,0.103,0.009,0.002468
148.10,149.30,0.162322,0.159,0.165,0.006,0.001441
148.10,149.50,0.134343,0.131,0.139,0.008,0.002451
148.10,149.70,0.029197,0.026,0.033,0.007,0.001638
148.10,149.90,-0.126303,-0.130,-0.120,0.010,0.002539
148.10,150.10,-0.244178,-0.248,-0.240,0.008,0.002674
148.10,150.30,-0.301303,-0.304,-0.296,0.008,0.002834
148.10,150.50,-0.279157,-0.281,-0.275,0.006,0.001839
148.10,150.70,-0.175616,-0.181,-0.169,0.012,0.003432
148.10,150.90,-0.031553,-0.035,-0.028,0.006,0.002031
148.10,151.10,0.088988,0.083,0.092,0.010,0.002584
148.10,151.30,0.142801,0.137,0.149,0.011,0.002814
148.10,151.50,0.133738,0.130,0.139,0.008,0.002235
148.10,151.70,0.048592,0.045,0.052,0.007,0.002777
148.10,151.90,-0.082512,-0.085,-0.080,0.005,0.001853
148.10,152.10,-0.206283,-0.211,-0.202,0.009,0.002824
148.10,152.30,-0.281324,-0.285,-0.279,0.007,0.002224
148.30,147.50,0.244801,0.240,0.252,0.012,0.003366
148.30,147.70,0.036884,0.034,0.040,0.006,0.001934
148.30,147.90,-0.187324,-0.191,-0.184,0.007,0.001907
148.30,148.10,-0.343762,-0.348,-0.339,0.008,0.002591
148.30,148.30,-0.422345,-0.427,-0.418,0.009,0.002698
148.30,148.50,-0.359616,-0.365,-0.351,0.013,0.003499
148.30,148.70,-0.168220,-0.174,-0.165,0.009,0.002806
148.30,148.90,0.073155,0.069,0.079,0.010,0.002825
148.30,149.10,0.282842,0.278,0.291,0.013,0.003973
148.30,149.30,0.411238,0.405,0.422,0.018,0.005760
148.30,149.50,0.344134,0.338,0.351,0.013,0.004017
148.30,149.70,0.115926,0.113,0.124,0.010,0.002972
148.30,149.90,-0.150824,-0.156,-0.146,0.010,0.003351
148.30,150.10,-0.339053,-0.345,-0.332,0.014,0.003413
148.30,150.30,-0.446137,-0.452,-0.441,0.010,0.002964
148.30,150.50,-0.405491,-0.409,-0.400,0.009,0.002440
148.30,150.70,-0.202095,-0.206,-0.198,0.008,0.002576
148.30,150.90,0.046968,0.042,0.051,0.009,0.003037
148.30,151.10,0.258551,0.254,0.264,0.010,0.003221
148.30,151.30,0.385759,0.377,0.403,0.026,0.006856
148.30,151.50,0.355613,0.350,0.359,0.010,0.002566
148.30,151.70,0.152884,0.149,0.158,0.009,0.002751
148.30,151.90,-0.097866,-0.101,-0.094,0.007,0.001928
148.30,152.10,-0.298595,-0.303,-0.296,0.008,0.002489
148.30,152.30,-0.433262,-0.438,-0.426,0.012,0.004138
148.50,147.50,0.406509,0.402,0.411,0.008,0.002476
148.50,147.70,0.088926,0.087,0.092,0.005,0.001690
148.50,147.90,-0.252428,-0.255,-0.250,0.006,0.001625
148.50,148.10,-0.512658,-0.515,-0.509,0.007,0.001862
148.50,148.30,-0.648637,-0.650,-0.646,0.004,0.001337
148.50,148.50,-0.528803,-0.534,-0.525,0.009,0.002556
148.50,148.70,-0.237220,-0.241,-0.233,0.007,0.001800
148.50,148.90,0.114842,0.112,0.117,0.005,0.001573
148.50,149.10,0.454134,0.452,0.459,0.007,0.002088
148.50,149.30,0.658842,0.652,0.667,0.016,0.004256
148.50,149.50,0.535384,0.532,0.540,0.008,0.002329
148.50,149.70,0.180655,0.176,0.185,0.009,0.002789
148.50,149.90,-0.210137,-0.213,-0.207,0.006,0.002157
148.50,150.10,-0.482887,-0.486,-0.479,0.007,0.002009
148.50,150.30,-0.653907,-0.659,-0.649,0.009,0.002509
148.50,150.50,-0.573345,-0.579,-0.568,0.011,0.003347
148.50,150.70,-0.284116,-0.289,-0.280,0.009,0.002689
148.50,150.90,0.059801,0.057,0.061,0.004,0.001300
148.50,151.10,0.391926,0.389,0.394,0.005,0.001659
148.50,151.30,0.607238,0.601,0.613,0.012,0.003917
148.50,151.50,0.532447,0.529,0.535,0.006,0.001678
148.50,151.70,0.219634,0.215,0.224,0.009,0.002569
148.50,151.90,-0.150824,-0.154,-0.149,0.005,0.001572
148.50,152.10,-0.442012,-0.445,-0.438,0.007,0.002143
148.50,152.30,-0.649491,-0.653,-0.646,0.007,0.002238
148.70,147.50,0.450530,0.447,0.457,0.010,0.003049
148.70,147.70,0.074363,0.071,0.078,0.007,0.002330
148.70,147.90,-0.320074,-0.322,-0.319,0.003,0.001144
148.70,148.10,-0.629970,-0.632,-0.627,0.005,0.001648
148.70,148.30,-0.800595,-0.805,-0.797,0.008,0.002535
148.70,148.50,-0.647803,-0.653,-0.646,0.007,0.002195
148.70,148.70,-0.306095,-0.309,-0.303,0.006,0.001919
148.70,148.90,0.104863,0.098,0.107,0.009,0.002513
148.70,149.10,0.503197,0.496,0.509,0.013,0.003615
148.70,149.30,0.722259,0.718,0.725,0.007,0.002474
148.70,149.50,0.569592,0.564,0.572,0.008,0.002445
148.70,149.70,0.166405,0.162,0.173,0.011,0.003219
148.70,149.90,-0.264366,-0.267,-0.260,0.007,0.002000
148.70,150.10,-0.566949,-0.571,-0.560,0.012,0.003781
148.70,150.30,-0.778137,-0.782,-0.773,0.009,0.003007
148.70,150.50,-0.684324,-0.689,-0.681,0.008,0.002650
148.70,150.70,-0.355137,-0.358,-0.351,0.006,0.002012
148.70,150.90,0.040197,0.037,0.044,0.007,0.002659
148.70,151.10,0.416322,0.412,0.420,0.008,0.002626
148.70,151.30,0.671822,0.665,0.676,0.011,0.003303
148.70,151.50,0.561134,0.555,0.567,0.012,0.003693
148.70,151.70,0.201884,0.196,0.206,0.010,0.002801
148.70,151.90,-0.211428,-0.214,-0.210,0.004,0.001075
148.70,152.10,-0.542283,-0.548,-0.539,0.009,0.002807
148.70,152.30,-0.776991,-0.781,-0.772,0.010,0.002854
148.90,147.50,0.384405,0.381,0.388,0.007,0.001811
148.90,147.70,0.011238,0.006,0.019,0.013,0.003770
148.90,147.90,-0.383720,-0.389,-0.379,0.009,0.002742
148.90,148.10,-0.713595,-0.717,-0.710,0.006,0.001644
148.90,148.30,-0.880887,-0.883,-0.879,0.004,0.001248
148.90,148.50,-0.722699,-0.726,-0.720,0.006,0.001821
148.90,148.70,-0.363866,-0.366,-0.362,0.005,0.001526
148.90,148.90,0.048593,0.045,0.053,0.008,0.002471
148.90,149.10,0.438551,0.435,0.441,0.006,0.002181
148.90,149.30,0.654405,0.647,0.661,0.014,0.003766
148.90,149.50,0.493967,0.490,0.500,0.010,0.002773
148.90,149.70,0.096967,0.092,0.101,0.009,0.002301
148.90,149.90,-0.322678,-0.326,-0.318,0.008,0.002337
148.90,150.10,-0.636928,-0.641,-0.634,0.007,0.002130
148.90,150.30,-0.847657,-0.850,-0.845,0.005,0.001746
148.90,150.50,-0.757512,-0.762,-0.755,0.007,0.002051
148.90,150.70,-0.416970,-0.422,-0.413,0.009,0.002924
148.90,150.90,-0.018012,-0.024,-0.013,0.010,0.003258
148.90,151.10,0.357718,0.354,0.362,0.009,0.002804
148.90,151.30,0.616717,0.610,0.623,0.013,0.003549
148.90,151.50,0.497655,0.494,0.501,0.008,0.002647
148.90,151.70,0.133697,0.129,0.138,0.008,0.002566
148.90,151.90,-0.279157,-0.281,-0.274,0.007,0.001985
148.90,152.10,-0.455866,-0.461,-0.452,0.010,0.002555
148.90,152.30,-0.686678,-0.690,-0.682,0.008,0.002427
149.10,147.50,0.432447,0.427,0.442,0.015,0.003943
149.10,147.70,0.098072,0.094,0.104,0.010,0.002591
149.10,147.90,-0.275137,-0.277,-0.273,0.004,0.001335
149.10,148.10,-0.537637,-0.540,-0.535,0.004,0.001373
149.10,148.30,-0.674220,-0.678,-0.670,0.008,0.002626
149.10,148.50,-0.535428,-0.539,-0.530,0.010,0.002547
149.10,148.70,-0.224678,-0.228,-0.220,0.008,0.002720
149.10,148.90,0.129134,0.126,0.137,0.011,0.002936
149.10,149.10,0.465134,0.459,0.471,0.013,0.003303
149.10,149.30,0.649009,0.642,0.657,0.015,0.004464
149.10,149.50,0.523697,0.517,0.529,0.012,0.003558
149.10,149.70,0.183488,0.178,0.187,0.009,0.002805
149.10,149.90,-0.194137,-0.199,-0.187,0.012,0.003113
149.10,150.10,-0.471033,-0.475,-0.468,0.007,0.002646
149.10,150.30,-0.640553,-0.645,-0.637,0.008,0.002589
149.10,150.50,-0.563366,-0.566,-0.561,0.004,0.001868
149.10,150.70,-0.260199,-0.263,-0.256,0.007,0.002130
149.10,150.90,0.089842,0.088,0.092,0.004,0.001367
149.10,151.10,0.421009,0.418,0.429,0.010,0.002814
149.10,151.30,0.643634,0.637,0.648,0.011,0.003240
149.10,151.50,0.559842,0.556,0.563,0.007,0.002471
149.10,151.70,0.232738,0.229,0.236,0.006,0.002056
149.10,151.90,-0.138616,-0.142,-0.134,0.008,0.002066
149.10,152.10,-0.450824,-0.455,-0.448,0.007,0.002126
149.10,152.30,-0.634866,-0.638,-0.633,0.005,0.001589
149.30,147.50,0.299280,0.294,0.303,0.009,0.002720
149.30,147.70,0.041801,0.039,0.045,0.006,0.001671
149.30,147.90,-0.245283,-0.247,-0.243,0.004,0.001391
149.30,148.10,-0.463220,-0.468,-0.460,0.007,0.002353
149.30,148.30,-0.552512,-0.555,-0.548,0.007,0.001709
149.30,148.50,-0.462949,-0.469,-0.458,0.011,0.002612
149.30,148.70,-0.232449,-0.235,-0.230,0.005,0.001480
149.30,148.90,0.028572,0.025,0.034,0.010,0.002885
149.30,149.10,0.263322,0.258,0.269,0.011,0.002944
149.30,149.30,0.377926,0.375,0.380,0.005,0.001775
149.30,149.50,0.314342,0.310,0.316,0.006,0.001823
149.30,149.70,0.065863,0.063,0.071,0.007,0.002155
149.30,149.90,-0.221116,-0.224,-0.217,0.007,0.002140
149.30,150.10,-0.422366,-0.427,-0.419,0.008,0.002202
149.30,150.30,-0.528574,-0.532,-0.524,0.008,0.002337
149.30,150.50,-0.477553,-0.480,-0.474,0.006,0.001850
149.30,150.70,-0.243012,-0.249,-0.239,0.009,0.002609
149.30,150.90,0.012447,0.007,0.015,0.008,0.002473
149.30,151.10,0.263030,0.259,0.266,0.007,0.002463
149.30,151.30,0.407655,0.404,0.412,0.008,0.002591
149.30,151.50,0.364572,0.361,0.366,0.005,0.001289
149.30,151.70,0.131468,0.127,0.137,0.010,0.003043
149.30,151.90,-0.156741,-0.159,-0.153,0.005,0.001907
149.30,152.10,-0.383803,-0.388,-0.380,0.007,0.002250
149.30,152.30,-0.501262,-0.504,-0.499,0.005,0.001377
149.50,147.50,0.147947,0.143,0.152,0.009,0.002620
149.50,147.70,-0.006032,-0.008,-0.003,0.005,0.001397
149.50,147.90,-0.179616,-0.184,-0.176,0.008,0.002691
149.50,148.10,-0.310887,-0.315,-0.307,0.008,0.002250
149.50,148.30,-0.358324,-0.361,-0.353,0.009,0.002991
149.50,148.50,-0.313491,-0.318,-0.306,0.011,0.002825
149.50,148.70,-0.190262,-0.195,-0.185,0.011,0.003205
149.50,148.90,-0.032137,-0.035,-0.026,0.009,0.002802
149.50,149.10,0.111759,0.107,0.116,0.009,0.002619
149.50,149.30,0.165572,0.162,0.170,0.008,0.002652
149.50,149.50,0.121655,0.117,0.127,0.010,0.003235
149.50,149.70,-0.011532,-0.014,-0.010,0.004,0.001263
149.50,149.90,-0.174762,-0.180,-0.169,0.011,0.003262
149.50,150.10,-0.293616,-0.297,-0.291,0.006,0.001794
149.50,150.30,-0.344408,-0.348,-0.339,0.009,0.002759
149.50,150.50,-0.324449,-0.330,-0.320,0.010,0.003020
149.50,150.70,-0.194512,-0.196,-0.193,0.003,0.001080
149.50,150.90,-0.029949,-0.034,-0.027,0.007,0.002288
149.50,151.10,0.131176,0.129,0.135,0.006,0.001637
149.50,151.30,0.206759,0.202,0.214,0.012,0.003587
149.50,151.50,0.166926,0.163,0.175,0.012,0.003297
149.50,151.70,0.042405,0.038,0.047,0.009,0.002911
149.50,151.90,-0.117782,-0.120,-0.113,0.008,0.002316
149.50,152.10,-0.247658,-0.253,-0.241,0.012,0.003460
149.50,152.30,-0.311158,-0.314,-0.308,0.006,0.002001
149.70,147.50,0.044113,0.040,0.048,0.008,0.002270
149.70,147.70,-0.015408,-0.021,-0.011,0.010,0.002903
149.70,147.90,-0.083512,-0.089,-0.082,0.007,0.001907
149.70,148.10,-0.131157,-0.136,-0.126,0.011,0.002655
149.70,148.30,-0.154366,-0.157,-0.150,0.007,0.002032
149.70,148.50,-0.136157,-0.141,-0.130,0.011,0.002924
149.70,148.70,-0.099449,-0.104,-0.096,0.008,0.002336
149.70,148.90,-0.038366,-0.042,-0.035,0.007,0.002263
149.70,149.10,0.003447,-0.001,0.008,0.009,0.002637
149.70,149.30,0.015093,0.011,0.018,0.006,0.001761
149.70,149.50,0.005926,0.003,0.009,0.006,0.002405
149.70,149.70,-0.032074,-0.035,-0.028,0.007,0.001770
149.70,149.90,-0.087741,-0.091,-0.085,0.005,0.001849
149.70,150.10,-0.125012,-0.128,-0.120,0.008,0.002065
149.70,150.30,-0.138470,-0.144,-0.134,0.010,0.002917
149.70,150.50,-0.133178,-0.135,-0.131,0.004,0.001227
149.70,150.70,-0.093532,-0.098,-0.089,0.009,0.002508
149.70,150.90,-0.031199,-0.034,-0.027,0.007,0.002528
149.70,151.10,0.018176,0.014,0.024,0.010,0.003132
149.70,151.30,0.046259,0.044,0.050,0.006,0.002039
149.70,151.50,0.032259,0.029,0.036,0.007,0.002112
149.70,151.70,0.001509,-0.002,0.005,0.007,0.002179
149.70,151.90,-0.057262,-0.061,-0.055,0.005,0.001780
149.70,152.10,-0.099137,-0.103,-0.096,0.007,0.002177
149.70,152.30,-0.117657,-0.120,-0.115,0.004,0.001590
149.90,147.50,0.011384,0.008,0.020,0.013,0.003548
149.90,147.70,0.016572,0.011,0.022,0.011,0.003640
149.90,147.90,0.019092,0.013,0.026,0.013,0.003701
149.90,148.10,0.025988,0.023,0.031,0.007,0.002436
149.90,148.30,0.030343,0.026,0.035,0.008,0.002787
149.90,148.50,0.038613,0.034,0.042,0.008,0.002246
149.90,148.70,0.025072,0.020,0.028,0.009,0.002855
149.90,148.90,0.004176,-0.001,0.010,0.011,0.003169
149.90,149.10,-0.023241,-0.029,-0.020,0.009,0.002506
149.90,149.30,-0.036595,-0.042,-0.033,0.009,0.002639
149.90,149.50,-0.034595,-0.038,-0.029,0.009,0.002569
149.90,149.70,-0.013491,-0.016,-0.011,0.005,0.001957
149.90,149.90,0.013509,0.009,0.020,0.011,0.004227
149.90,150.10,0.040197,0.036,0.044,0.008,0.002586
149.90,150.30,0.055884,0.052,0.060,0.008,0.002414
149.90,150.50,0.063343,0.057,0.070,0.013,0.003502
149.90,150.70,0.047030,0.044,0.051,0.007,0.002339
149.90,150.90,0.017447,0.013,0.029,0.016,0.004627
149.90,151.10,-0.006616,-0.013,0.001,0.014,0.003810
149.90,151.30,-0.015928,-0.019,-0.014,0.005,0.001382
149.90,151.50,-0.015845,-0.018,-0.013,0.005,0.001688
149.90,151.70,-0.000157,-0.005,0.004,0.009,0.002876
149.90,151.90,0.012655,0.006,0.017,0.011,0.003409
149.90,152.10,0.042030,0.037,0.048,0.011,0.002853
149.90,152.30,0.065176,0.060,0.069,0.010,0.002687
150.10,147.50,-0.042012,-0.047,-0.039,0.007,0.002330
150.10,147.70,0.031613,0.029,0.034,0.005,0.001604
150.10,147.90,0.147238,0.144,0.152,0.009,0.002752
150.10,148.10,0.231988,0.227,0.236,0.009,0.002652
150.10,148.30,0.272467,0.265,0.279,0.014,0.003291
150.10,148.50,0.255155,0.249,0.262,0.013,0.004390
150.10,148.70,0.168738,0.166,0.173,0.007,0.001946
150.10,148.90,0.041676,0.039,0.043,0.004,0.001256
150.10,149.10,-0.071178,-0.075,-0.067,0.008,0.002197
150.10,149.30,-0.129595,-0.133,-0.127,0.006,0.001885
150.10,149.50,-0.117449,-0.121,-0.115,0.006,0.001875
150.10,149.70,-0.026720,-0.030,-0.023,0.007,0.002445
150.10,149.90,0.135717,0.132,0.140,0.007,0.001814
150.10,150.10,0.252863,0.248,0.258,0.009,0.002540
150.10,150.30,0.318155,0.314,0.322,0.009,0.002523
150.10,150.50,0.301134,0.294,0.309,0.014,0.004568
150.10,150.70,0.196197,0.192,0.200,0.007,0.002227
150.10,150.90,0.071030,0.065,0.076,0.011,0.003666
150.10,151.10,-0.043907,-0.048,-0.039,0.009,0.002694
150.10,151.30,-0.099491,-0.104,-0.093,0.011,0.002966
150.10,151.50,-0.095803,-0.099,-0.092,0.007,0.002181
150.10,151.70,-0.030949,-0.034,-0.028,0.006,0.002111
150.10,151.90,0.102697,0.099,0.109,0.010,0.002957
150.10,152.10,0.232634,0.229,0.237,0.008,0.002449
150.10,152.30,0.305655,0.300,0.309,0.009,0.002359
150.30,147.50,-0.127282,-0.130,-0.123,0.007,0.002306
150.30,147.70,0.031613,0.027,0.041,0.015,0.003898
150.30,147.90,0.244218,0.239,0.250,0.011,0.003894
150.30,148.10,0.423363,0.415,0.430,0.015,0.003673
150.30,148.30,0.526988,0.518,0.532,0.014,0.003704
150.30,148.50,0.478592,0.473,0.484,0.011,0.002806
150.30,148.70,0.260593,0.258,0.262,0.004,0.001190
150.30,148.90,0.031697,0.029,0.035,0.006,0.002077
150.30,149.10,-0.161178,-0.165,-0.156,0.009,0.002602
150.30,149.30,-0.264678,-0.269,-0.259,0.009,0.002795
150.30,149.50,-0.174616,-0.180,-0.170,0.010,0.002668
150.30,149.70,0.006801,0.002,0.011,0.009,0.002661
150.30,149.90,0.278426,0.275,0.284,0.009,0.002678
150.30,150.10,0.492343,0.485,0.500,0.015,0.004113
150.30,150.30,0.641051,0.636,0.647,0.010,0.002897
150.30,150.50,0.610197,0.605,0.614,0.009,0.003117
150.30,150.70,0.374905,0.370,0.381,0.011,0.002905
150.30,150.90,0.132155,0.128,0.136,0.008,0.002462
150.30,151.10,-0.062720,-0.069,-0.057,0.012,0.003114
150.30,151.30,-0.169074,-0.175,-0.163,0.012,0.003873
150.30,151.50,-0.153637,-0.156,-0.148,0.008,0.002301
150.30,151.70,-0.008053,-0.011,-0.005,0.005,0.001731
150.30,151.90,0.232967,0.229,0.237,0.008,0.002490
150.30,152.10,0.455113,0.445,0.462,0.017,0.004591
150.30,152.30,0.620384,0.616,0.625,0.009,0.002635
150.50,147.50,-0.214033,-0.218,-0.211,0.007,0.002136
150.50,147.70,0.033197,0.029,0.037,0.008,0.002254
150.50,147.90,0.359405,0.356,0.362,0.006,0.002121
150.50,148.10,0.656530,0.651,0.663,0.012,0.003095
150.50,148.30,0.851384,0.848,0.855,0.007,0.002342
150.50,148.50,0.738863,0.732,0.746,0.014,0.004478
150.50,148.70,0.393592,0.392,0.396,0.005,0.001370
150.50,148.90,0.042176,0.039,0.047,0.009,0.002432
150.50,149.10,-0.253262,-0.257,-0.249,0.008,0.002480
150.50,149.30,-0.417408,-0.425,-0.413,0.011,0.003072
150.50,149.50,-0.345783,-0.348,-0.341,0.007,0.002231
150.50,149.70,-0.080137,-0.083,-0.075,0.008,0.002341
150.50,149.90,0.290759,0.287,0.297,0.010,0.002818
150.50,150.10,0.612613,0.606,0.625,0.018,0.005227
150.50,150.30,0.869655,0.868,0.875,0.007,0.002177
150.50,150.50,0.814967,0.812,0.820,0.008,0.002259
150.50,150.70,0.462634,0.459,0.467,0.008,0.002532
150.50,150.90,0.097613,0.094,0.100,0.006,0.001946
150.50,151.10,-0.194074,-0.197,-0.191,0.006,0.002007
150.50,151.30,-0.373324,-0.378,-0.370,0.008,0.002433
150.50,151.50,-0.325824,-0.330,-0.322,0.008,0.002305
150.50,151.70,-0.095012,-0.101,-0.089,0.013,0.003050
150.50,151.90,0.247363,0.245,0.252,0.006,0.001988
150.50,152.10,0.575822,0.570,0.581,0.011,0.003051
150.50,152.30,0.844759,0.837,0.853,0.015,0.004426
150.70,147.50,-0.324199,-0.330,-0.322,0.008,0.002098
150.70,147.70,-0.036616,-0.038,-0.033,0.005,0.001514
150.70,147.90,0.345259,0.340,0.352,0.012,0.003315
150.70,148.10,0.701530,0.693,0.711,0.018,0.005122
150.70,148.30,0.919613,0.913,0.923,0.010,0.002789
150.70,148.50,0.776030,0.772,0.782,0.010,0.003335
150.70,148.70,0.376905,0.374,0.382,0.008,0.002550
150.70,148.90,-0.027491,-0.029,-0.023,0.005,0.001470
150.70,149.10,-0.366303,-0.369,-0.363,0.006,0.001973
150.70,149.30,-0.553470,-0.557,-0.550,0.007,0.002361
150.70,149.50,-0.462866,-0.466,-0.458,0.008,0.002476
150.70,149.70,-0.150470,-0.154,-0.145,0.008,0.002522
150.70,149.90,0.259509,0.255,0.266,0.011,0.003453
150.70,150.10,0.625613,0.617,0.633,0.015,0.004633
150.70,150.30,0.916842,0.913,0.924,0.011,0.003515
150.70,150.50,0.848697,0.843,0.856,0.013,0.003510
150.70,150.70,0.457197,0.452,0.463,0.011,0.003207
150.70,150.90,0.047738,0.043,0.056,0.013,0.003587
150.70,151.10,-0.287574,-0.291,-0.284,0.008,0.001954
150.70,151.30,-0.489574,-0.493,-0.486,0.007,0.002028
150.70,151.50,-0.428428,-0.431,-0.425,0.006,0.002223
150.70,151.70,-0.148408,-0.152,-0.143,0.010,0.002318
150.70,151.90,0.241093,0.239,0.244,0.004,0.001641
150.70,152.10,0.618093,0.609,0.624,0.014,0.003940
150.70,152.30,0.921863,0.920,0.925,0.005,0.001433
150.90,147.50,-0.386908,-0.390,-0.382,0.007,0.002007
150.90,147.70,-0.087720,-0.092,-0.085,0.007,0.001915
150.90,147.90,0.293176,0.291,0.296,0.005,0.001571
150.90,148.10,0.645759,0.641,0.649,0.009,0.002792
150.90,148.30,0.871280,0.867,0.877,0.009,0.003032
150.90,148.50,0.714780,0.711,0.720,0.009,0.002741
150.90,148.70,0.317738,0.315,0.320,0.005,0.001450
150.90,148.90,-0.085408,-0.088,-0.082,0.006,0.001806
150.90,149.10,-0.426220,-0.431,-0.423,0.008,0.002320
150.90,149.30,-0.611553,-0.615,-0.609,0.005,0.001609
150.90,149.50,-0.508637,-0.511,-0.506,0.005,0.001485
150.90,149.70,-0.199283,-0.201,-0.198,0.003,0.000870
150.90,149.90,0.207176,0.204,0.210,0.006,0.001638
150.90,150.10,0.560905,0.559,0.566,0.007,0.002005
150.90,150.30,0.864509,0.859,0.869,0.010,0.003315
150.90,150.50,0.799759,0.793,0.806,0.013,0.003605
150.90,150.70,0.408051,0.405,0.414,0.009,0.002538
150.90,150.90,0.009988,0.006,0.013,0.007,0.001953
150.90,151.10,-0.342033,-0.345,-0.338,0.008,0.002560
150.90,151.30,-0.561345,-0.565,-0.558,0.007,0.002377
150.90,151.50,-0.490908,-0.494,-0.488,0.006,0.001898
150.90,151.70,-0.209512,-0.211,-0.208,0.004,0.001088
150.90,151.90,0.188072,0.185,0.192,0.007,0.002343
150.90,152.10,0.553009,0.551,0.555,0.004,0.001344
150.90,152.30,0.852697,0.849,0.857,0.009,0.003098
151.10,147.50,-0.397762,-0.399,-0.395,0.004,0.001187
151.10,147.70,-0.126720,-0.130,-0.123,0.007,0.002150
151.10,147.90,0.216384,0.212,0.220,0.008,0.002222
151.10,148.10,0.529967,0.527,0.533,0.006,0.001914
151.10,148.30,0.720134,0.716,0.726,0.010,0.002658
151.10,148.50,0.586968,0.583,0.590,0.007,0.002221
151.10,148.70,0.233009,0.229,0.236,0.007,0.002537
151.10,148.90,-0.136887,-0.140,-0.131,0.009,0.002403
151.10,149.10,-0.441366,-0.444,-0.438,0.006,0.001546
151.10,149.30,-0.596324,-0.599,-0.594,0.005,0.001558
151.10,149.50,-0.505262,-0.507,-0.503,0.005,0.001706
151.10,149.70,-0.225033,-0.227,-0.222,0.005,0.001422
151.10,149.90,0.133051,0.130,0.135,0.005,0.001475
151.10,150.10,0.456572,0.452,0.459,0.007,0.002236
151.10,150.30,0.712176,0.708,0.715,0.006,0.001926
151.10,150.50,0.661488,0.655,0.669,0.014,0.003747
151.10,150.70,0.310759,0.307,0.314,0.007,0.002183
151.10,150.90,-0.049074,-0.053,-0.045,0.008,0.002345
151.10,151.10,-0.371658,-0.374,-0.370,0.003,0.001163
151.10,151.30,-0.553407,-0.557,-0.550,0.007,0.001996
151.10,151.50,-0.494678,-0.498,-0.489,0.009,0.002442
151.10,151.70,-0.238595,-0.242,-0.236,0.006,0.001647
151.10,151.90,0.104988,0.098,0.110,0.012,0.003314
151.10,152.10,0.435592,0.432,0.440,0.007,0.002357
151.10,152.30,0.682613,0.679,0.686,0.007,0.002254
151.30,147.50,-0.347678,-0.350,-0.346,0.004,0.001211
151.30,147.70,-0.131720,-0.134,-0.129,0.005,0.001245
151.30,147.90,0.124343,0.122,0.126,0.004,0.001366
151.30,148.10,0.354905,0.349,0.361,0.012,0.003188
151.30,148.30,0.484280,0.481,0.489,0.008,0.002535
151.30,148.50,0.409176,0.406,0.414,0.008,0.002698
151.30,148.70,0.148905,0.147,0.152,0.005,0.001788
151.30,148.90,-0.144012,-0.149,-0.141,0.008,0.002019
151.30,149.10,-0.370616,-0.374,-0.365,0.009,0.002965
151.30,149.30,-0.471283,-0.474,-0.469,0.005,0.001455
151.30,149.50,-0.416845,-0.421,-0.412,0.009,0.002296
151.30,149.70,-0.205574,-0.210,-0.201,0.009,0.002361
151.30,149.90,0.063113,0.059,0.067,0.008,0.002200
151.30,150.10,0.307509,0.302,0.312,0.010,0.002903
151.30,150.30,0.477592,0.475,0.482,0.007,0.002398
151.30,150.50,0.452447,0.449,0.459,0.010,0.002701
151.30,150.70,0.193780,0.190,0.197,0.007,0.001700
151.30,150.90,-0.093137,-0.095,-0.091,0.005,0.001558
151.30,151.10,-0.332595,-0.336,-0.330,0.006,0.002173
151.30,151.30,-0.456095,-0.460,-0.451,0.008,0.002425
151.30,151.50,-0.425449,-0.430,-0.423,0.007,0.002071
151.30,151.70,-0.231220,-0.234,-0.228,0.006,0.001948
151.30,151.90,0.033301,0.031,0.036,0.006,0.001743
151.30,152.10,0.280363,0.277,0.284,0.007,0.002170
151.30,152.30,0.442926,0.438,0.446,0.008,0.002472
151.50,147.50,-0.233907,-0.238,-0.229,0.008,0.002191
151.50,147.70,-0.102803,-0.108,-0.097,0.010,0.003593
151.50,147.90,0.067738,0.064,0.071,0.007,0.002073
151.50,148.10,0.211467,0.208,0.217,0.009,0.002482
151.50,148.30,0.281426,0.276,0.287,0.012,0.003663
151.50,148.50,0.235947,0.233,0.241,0.007,0.002381
151.50,148.70,0.081093,0.079,0.083,0.004,0.001659
151.50,148.90,-0.092637,-0.097,-0.088,0.009,0.002537
151.50,149.10,-0.218053,-0.220,-0.214,0.006,0.001604
151.50,149.30,-0.273408,-0.278,-0.269,0.009,0.003517
151.50,149.50,-0.252012,-0.256,-0.249,0.007,0.002385
151.50,149.70,-0.133949,-0.138,-0.129,0.009,0.002947
151.50,149.90,0.027447,0.022,0.033,0.011,0.003062
151.50,150.10,0.177926,0.171,0.185,0.015,0.004369
151.50,150.30,0.278634,0.273,0.283,0.010,0.002685
151.50,150.50,0.254134,0.250,0.259,0.009,0.002528
151.50,150.70,0.101551,0.098,0.106,0.008,0.002594
151.50,150.90,-0.073178,-0.076,-0.069,0.007,0.001869
151.50,151.10,-0.215470,-0.219,-0.210,0.008,0.002765
151.50,151.30,-0.280533,-0.288,-0.275,0.013,0.003286
151.50,151.50,-0.267199,-0.271,-0.263,0.008,0.002697
151.50,151.70,-0.154887,-0.161,-0.151,0.010,0.002681
151.50,151.90,0.007176,0.004,0.013,0.009,0.002408
151.50,152.10,0.158697,0.152,0.166,0.014,0.003973
151.50,152.30,0.243759,0.241,0.246,0.005,0.001881
151.70,147.50,-0.078178,-0.080,-0.074,0.006,0.001681
151.70,147.70,-0.028637,-0.031,-0.025,0.006,0.001961
151.70,147.90,0.045301,0.042,0.049,0.006,0.001829
151.70,148.10,0.097822,0.093,0.102,0.009,0.002945
151.70,148.30,0.119113,0.115,0.124,0.008,0.002154
151.70,148.50,0.101468,0.097,0.106,0.010,0.002846
151.70,148.70,0.050093,0.047,0.055,0.008,0.002300
151.70,148.90,-0.010637,-0.015,-0.007,0.008,0.002313
151.70,149.10,-0.045283,-0.049,-0.043,0.006,0.001978
151.70,149.30,-0.063345,-0.066,-0.061,0.005,0.001424
151.70,149.50,-0.055824,-0.058,-0.055,0.004,0.001086
151.70,149.70,-0.026116,-0.029,-0.022,0.006,0.002087
151.70,149.90,0.023926,0.023,0.025,0.002,0.000597
151.70,150.10,0.074384,0.070,0.078,0.009,0.002373
151.70,150.30,0.113343,0.110,0.116,0.006,0.002181
151.70,150.50,0.109468,0.103,0.117,0.014,0.003755
151.70,150.70,0.058884,0.056,0.062,0.006,0.002208
151.70,150.90,-0.014845,-0.020,-0.009,0.010,0.002757
151.70,151.10,-0.064470,-0.068,-0.061,0.007,0.001823
151.70,151.30,-0.085387,-0.090,-0.082,0.008,0.002063
151.70,151.50,-0.074657,-0.077,-0.071,0.006,0.001621
151.70,151.70,-0.034928,-0.037,-0.033,0.004,0.001299
151.70,151.90,0.026113,0.018,0.030,0.012,0.003728
151.70,152.10,0.074842,0.071,0.078,0.007,0.002385
151.70,152.30,0.095988,0.093,0.099,0.006,0.002107
151.90,147.50,0.070968,0.069,0.075,0.007,0.002218
151.90,147.70,0.072113,0.067,0.078,0.010,0.003032
151.90,147.90,0.069197,0.064,0.072,0.008,0.002474
151.90,148.10,0.056134,0.053,0.062,0.009,0.002523
151.90,148.30,0.047655,0.044,0.052,0.008,0.002184
151.90,148.50,0.045301,0.042,0.049,0.006,0.002035
151.90,148.70,0.054447,0.049,0.059,0.011,0.003564
151.90,148.90,0.066259,0.062,0.070,0.008,0.002583
151.90,149.10,0.097197,0.091,0.101,0.009,0.002745
151.90,149.30,0.120655,0.118,0.123,0.005,0.001508
151.90,149.50,0.125134,0.122,0.130,0.008,0.002698
151.90,149.70,0.106842,0.101,0.112,0.011,0.003214
151.90,149.90,0.075197,0.072,0.080,0.008,0.003005
151.90,150.10,0.049801,0.046,0.055,0.009,0.002553
151.90,150.30,0.048613,0.046,0.052,0.005,0.001776
151.90,150.50,0.057468,0.052,0.063,0.011,0.003217
151.90,150.70,0.062592,0.058,0.065,0.007,0.002207
151.90,150.90,0.055718,0.054,0.058,0.005,0.001497
151.90,151.10,0.068030,0.061,0.073,0.011,0.003262
151.90,151.30,0.087447,0.083,0.091,0.008,0.002466
151.90,151.50,0.106759,0.104,0.111,0.007,0.001988
151.90,151.70,0.107322,0.103,0.112,0.008,0.002699
151.90,151.90,0.086405,0.080,0.090,0.010,0.003356
151.90,152.10,0.062030,0.055,0.072,0.017,0.004994
151.90,152.30,0.041051,0.037,0.046,0.009,0.003077
152.10,147.50,0.260613,0.257,0.265,0.008,0.002680
152.10,147.70,0.186738,0.183,0.190,0.007,0.001935
152.10,147.90,0.083468,0.081,0.089,0.008,0.002130
152.10,148.10,-0.004074,-0.006,0.001,0.007,0.002016
152.10,148.30,-0.048074,-0.052,-0.046,0.006,0.002094
152.10,148.50,-0.035637,-0.038,-0.031,0.007,0.002294
152.10,148.70,0.042072,0.036,0.047,0.011,0.003123
152.10,148.90,0.172738,0.169,0.178,0.009,0.002634
152.10,149.10,0.294759,0.291,0.298,0.007,0.001996
152.10,149.30,0.355593,0.351,0.359,0.008,0.002100
152.10,149.50,0.347176,0.343,0.353,0.010,0.003198
152.10,149.70,0.255613,0.251,0.259,0.008,0.002319
152.10,149.90,0.122301,0.120,0.126,0.007,0.002060
152.10,150.10,0.018718,0.013,0.026,0.013,0.003936
152.10,150.30,-0.032532,-0.035,-0.030,0.005,0.001522
152.10,150.50,-0.017574,-0.021,-0.014,0.008,0.002673
152.10,150.70,0.051301,0.049,0.055,0.006,0.001659
152.10,150.90,0.154801,0.152,0.159,0.007,0.002297
152.10,151.10,0.251551,0.244,0.259,0.015,0.004338
152.10,151.30,0.315759,0.313,0.318,0.005,0.001635
152.10,151.50,0.326280,0.324,0.330,0.006,0.001921
152.10,151.70,0.268634,0.265,0.271,0.006,0.002139
152.10,151.90,0.137655,0.133,0.143,0.010,0.003123
152.10,152.10,0.020759,0.017,0.026,0.008,0.002650
152.10,152.30,-0.052866,-0.056,-0.049,0.008,0.002660
152.30,147.50,0.454988,0.448,0.465,0.017,0.004645
152.30,147.70,0.261572,0.257,0.265,0.007,0.001723
152.30,147.90,0.064176,0.057,0.069,0.012,0.003376
152.30,148.10,-0.100053,-0.105,-0.096,0.009,0.002629
152.30,148.30,-0.183137,-0.190,-0.176,0.014,0.003865
152.30,148.50,-0.148241,-0.154,-0.145,0.008,0.002500
152.30,148.70,0.024676,0.021,0.028,0.008,0.002519
152.30,148.90,0.261842,0.257,0.266,0.009,0.003002
152.30,149.10,0.487884,0.485,0.495,0.011,0.003390
152.30,149.30,0.619738,0.616,0.625,0.010,0.003389
152.30,149.50,0.591822,0.584,0.597,0.013,0.004106
152.30,149.70,0.376613,0.373,0.381,0.008,0.003034
152.30,149.90,0.128426,0.126,0.132,0.006,0.001802
152.30,150.10,-0.049491,-0.052,-0.043,0.009,0.002607
152.30,150.30,-0.150199,-0.157,-0.148,0.009,0.002711
152.30,150.50,-0.128783,-0.133,-0.125,0.009,0.002614
152.30,150.70,0.024551,0.020,0.032,0.012,0.003175
152.30,150.90,0.229592,0.225,0.233,0.008,0.002465
152.30,151.10,0.427468,0.425,0.430,0.004,0.001260
152.30,151.30,0.567051,0.561,0.575,0.014,0.003624
152.30,151.50,0.573717,0.567,0.580,0.013,0.003566
152.30,151.70,0.399676,0.392,0.405,0.013,0.004035
152.30,151.90,0.143176,0.139,0.149,0.010,0.003168
152.30,152.10,-0.055991,-0.058,-0.053,0.005,0.001520
152.30,152.30,-0.190303,-0.195,-0.184,0.011,0.002778
